title,category,rating,reviews_count,business_size,address,phone,website,email,all_emails,instagram,facebook,twitter,linkedin,youtube,website_phone,lead_score,lead_grade,opportunity_signals,maps_url,score_breakdown,hours
Cafe Graffiti,Add website,nil,3163,Enterprise,"
8-2-672, 1/A, Rd Number 13, Mithila Nagar, Banjara Hills, Hyderabad, Telangana 500034","
087121 02020",nil,nil,nil,nil,nil,nil,nil,nil,nil,37,🌡️ COOL,"No Social Media, No Email Found, Enterprise (Hard Sell)","https://www.google.com/maps/place/Cafe+Graffiti/@17.4220692,78.3908885,13z/data=!3m1!5s0x3bcb973947d7cceb:0xfe6527340d055a64!4m10!1m2!2m1!1scafes+in+hyd!3m6!1s0x3bcb9739375e1fcb:0x74aa995534bbad0a!8m2!3d17.4090953!4d78.4480747!15sCgxjYWZlcyBpbiBoeWRaDiIMY2FmZXMgaW4gaHlkkgEEY2FmZeABAA!16s%2Fg%2F11b7q5_8v0?entry=ttu&g_ep=EgoyMDI2MDYyMS4wIKXMDSoASAFQAw%3D%3D",🟢 Has custom website | 🔴 Zero social presence → huge content opportunity | ⚪ No email found (harder to reach) | 🔴 Enterprise business → low agency conversion rate | 📞 Phone only — no email found,nil
Cravery Cafe,Cafe,nil,2375,Enterprise,"
Film Nagar, Plot No 416A, Road No. 78, Phase III, Jubilee Hills, Hyderabad, Telangana 500096","
093465 01863",http://www.cravery.in/,nil,nil,nil,nil,nil,nil,nil,nil,37,🌡️ COOL,"No Social Media, No Email Found, Enterprise (Hard Sell)","https://www.google.com/maps/place/Cravery+Cafe/@17.4150587,78.3363899,13z/data=!4m10!1m2!2m1!1scafes+in+hyd!3m6!1s0x3bcb976869a35bd5:0x37138d15aaa9dd6!8m2!3d17.4150587!4d78.4084877!15sCgxjYWZlcyBpbiBoeWRaDiIMY2FmZXMgaW4gaHlkkgEEY2FmZeABAA!16s%2Fg%2F11jgj2kr43?entry=ttu&g_ep=EgoyMDI2MDYyMS4wIKXMDSoASAFQAw%3D%3D",🟢 Has custom website | 🔴 Zero social presence → huge content opportunity | ⚪ No email found (harder to reach) | 🔴 Enterprise business → low agency conversion rate | 📞 Phone only — no email found,nil
Habitat Cafe,Cafe,nil,6048,Enterprise,"
Terrace, Vimbri Boulevard, Road No 4, Green Valley, Banjara Hills, Hyderabad, Telangana 500034","
087126 96412",https://linktr.ee/habitatcafe,nil,nil,https://instagram.com/thehabitatcafe,nil,nil,nil,nil,nil,30,❄️ COLD,"Weak Social Presence, No Email Found, Enterprise (Hard Sell)","https://www.google.com/maps/place/Habitat+Cafe/@17.4220692,78.3908885,13z/data=!4m10!1m2!2m1!1scafes+in+hyd!3m6!1s0x3bcb9713ea5dce4d:0x55d66161e9f00e11!8m2!3d17.4211614!4d78.4430845!15sCgxjYWZlcyBpbiBoeWRaDiIMY2FmZXMgaW4gaHlkkgEEY2FmZeABAA!16s%2Fg%2F11ld53yyby?entry=ttu&g_ep=EgoyMDI2MDYyMS4wIKXMDSoASAFQAw%3D%3D",🟢 Has custom website | 🟡 Only 1 social channel → needs more platforms | ⚪ No email found (harder to reach) | 🔴 Enterprise business → low agency conversion rate | 📞 Phone only — no email found,nil
Roast CCX - Coffee & Culinary Xperience,Cafe,nil,5610,Enterprise,"
GAR, Laxmi Pinnacle, Venkat Nagar, Banjara Hills, Hyderabad, Telangana 500034","
091333 01860",http://roastcafe.in/,nil,nil,https://instagram.com/roastcafe.in,nil,nil,nil,nil,nil,30,❄️ COLD,"Weak Social Presence, No Email Found, Enterprise (Hard Sell)","https://www.google.com/maps/place/Roast+CCX+-+Coffee+%26+Culinary+Xperience/@17.4220692,78.3908885,13z/data=!4m10!1m2!2m1!1scafes+in+hyd!3m6!1s0x3bcb97831331def1:0xfe393a82d8c77be3!8m2!3d17.4235358!4d78.4322506!15sCgxjYWZlcyBpbiBoeWRaDiIMY2FmZXMgaW4gaHlkkgEEY2FmZeABAA!16s%2Fg%2F11vq2vwx96?entry=ttu&g_ep=EgoyMDI2MDYyMS4wIKXMDSoASAFQAw%3D%3D",🟢 Has custom website | 🟡 Only 1 social channel → needs more platforms | ⚪ No email found (harder to reach) | 🔴 Enterprise business → low agency conversion rate | 📞 Phone only — no email found,nil
Roastery Coffee House,Coffee shop,nil,15225,Enterprise,"
8 2, 287/12, 418, Road No. 14, BNR Colony, Venkat Nagar, Banjara Hills, Hyderabad, Telangana 500034","
063095 90610",https://www.roasterycoffee.co.in/,support@roasterycoffee.co.in,support@roasterycoffee.co.in,https://instagram.com/roasterycoffeehouseindia,https://facebook.com/roasterycoffeehousehyd,nil,https://linkedin.com/company/roastery-coffee-house,https://youtube.com/roasterycoffeehouseindia,9059158923,24,❄️ COLD,Enterprise (Hard Sell),"https://www.google.com/maps/place/Roastery+Coffee+House/@17.4220692,78.3908885,13z/data=!4m10!1m2!2m1!1scafes+in+hyd!3m6!1s0x3bcb972ac27e4959:0xa3d14c260e61ddb9!8m2!3d17.4234146!4d78.4315946!15sCgxjYWZlcyBpbiBoeWRaDiIMY2FmZXMgaW4gaHlkkgELY29mZmVlX3Nob3DgAQA!16s%2Fg%2F11fx7sgwn0?entry=ttu&g_ep=EgoyMDI2MDYyMS4wIKXMDSoASAFQAw%3D%3D",🟢 Has custom website | 🟢 Active social presence | 🟢 Professional email domain | 🔴 Enterprise business → low agency conversion rate | ✅ Fully reachable (phone + email),nil
